strategy,anchor,entry_offset,exit_offset,event_id,country,event_type,change_type,security_name,ticker,side,signal_bucket,announce_date,effective_date,entry_target_date,exit_target_date,entry_date,exit_date,entry_px,exit_px,security_return,gross_return,net_return,transaction_cost_bps,holding_days,turnover,benchmark_ticker,beta_lookback_days,estimated_beta,benchmark_return,beta_hedged_gross_return,beta_hedged_net_return,beta_hedge_turnover,beta_hedge_round_trip_cost,beta_hedge_available,pre_entry_runup,rank_pct,dollar_adv20,volatility_20d
confirmed_flow_momentum_top20_effective_d-5_to_d-1,effective,-5,-1,1,India,inclusion,ADD,GRASIM INDUSTRIES,GRASIM.NS,1.0,top_pre_entry_runup,2017-02-09,2017-02-28,2017-02-21,2017-02-27,2017-02-21,2017-02-27,783.226318359375,746.6054077148438,-0.04675648632599716,-0.04675648632599716,-0.04875648632599716,10.0,6,2.0,^NSEI,60,1.3462988918829082,-0.00125163923409366,-0.045071405812099695,-0.04976400359586551,4.692597783765816,0.004692597783765816,True,0.08279882375862702,1.0,2005225374.6289306,0.023461728849457526
confirmed_flow_momentum_top20_effective_d-5_to_d-1,effective,-5,-1,2,USA,inclusion,PROMOTION,ADVANCED MICRO DEVICES,AMD,1.0,top_pre_entry_runup,2017-02-09,2017-02-28,2017-02-21,2017-02-27,2017-02-21,2017-02-27,14.0,15.199999809265137,0.08571427209036697,0.08571427209036697,0.08371427209036697,10.0,6,2.0,SPY,60,,,,,,,False,-0.021609535037581895,1.0,1004116441.8601513,0.04942350258922106
confirmed_flow_momentum_top20_effective_d-5_to_d-1,effective,-5,-1,27,India,inclusion,ADD,RURAL ELECTRIFICATION CO,RECLTD.NS,1.0,top_pre_entry_runup,2017-05-15,2017-05-31,2017-05-24,2017-05-30,2017-05-24,2017-05-30,80.39773559570312,78.47126007080078,-0.023961813235512386,-0.023961813235512386,-0.025961813235512388,10.0,6,2.0,^NSEI,60,1.2949756437491728,0.028203471538370106,-0.060484621946874685,-0.06507457323437303,4.589951287498346,0.0045899512874983455,True,-0.025570818705268783,1.0,972386602.722575,0.01830121685241567
confirmed_flow_momentum_top20_effective_d-5_to_d-1,effective,-5,-1,83,Korea,inclusion,ADD,PANOCEAN,028670.KS,1.0,top_pre_entry_runup,2017-05-15,2017-05-31,2017-05-24,2017-05-30,2017-05-24,2017-05-30,4727.61669921875,4521.69580078125,-0.043557020701684435,-0.043557020701684435,-0.045557020701684436,10.0,6,2.0,^KS11,60,0.04448387050472784,0.011366412676171445,-0.04406264273127454,-0.046151610472284,2.088967741009456,0.002088967741009456,True,0.040540818166167725,1.0,17933147052.409595,0.024629578593403145
confirmed_flow_momentum_top20_effective_d-5_to_d-1,effective,-5,-1,215,USA,inclusion,ADD,VEEVA SYSTEMS A,VEEV,1.0,top_pre_entry_runup,2017-05-15,2017-05-31,2017-05-24,2017-05-30,2017-05-24,2017-05-30,61.06999969482422,64.9000015258789,0.06271494760428631,0.06271494760428631,0.06071494760428631,10.0,6,2.0,SPY,60,,,,,,,False,0.05899864862744031,0.8571428571428571,109136454.72293854,0.02551823428490691
confirmed_flow_momentum_top20_effective_d-5_to_d-1,effective,-5,-1,210,USA,inclusion,ADD,TESARO,TSRO,1.0,top_pre_entry_runup,2017-05-15,2017-05-31,2017-05-24,2017-05-30,2017-05-24,2017-05-30,155.72999572753906,143.42999267578125,-0.07898287670461102,-0.07898287670461102,-0.08098287670461102,10.0,6,2.0,SPY,60,,,,,,,False,0.06609409079686945,0.9285714285714286,110448139.70449677,0.027985032154554102
confirmed_flow_momentum_top20_effective_d-5_to_d-1,effective,-5,-1,146,USA,inclusion,ADD,HENRY (JACK) & ASSOCIATE,JKHY,1.0,top_pre_entry_runup,2017-05-15,2017-05-31,2017-05-24,2017-05-30,2017-05-24,2017-05-30,93.38113403320312,95.06336975097656,0.01801472786971403,0.01801472786971403,0.01601472786971403,10.0,6,2.0,SPY,60,,,,,,,False,0.06953377857625909,1.0,52291156.05667114,0.00916163115421053
confirmed_flow_momentum_top20_effective_d-5_to_d-1,effective,-5,-1,246,India,inclusion,PROMOTION,VAKRANGEE,VAKRANGEE.NS,1.0,top_pre_entry_runup,2017-11-13,2017-11-30,2017-11-23,2017-11-29,2017-11-23,2017-11-29,316.6854553222656,315.7187805175781,-0.003052476166623408,-0.003052476166623408,-0.005052476166623408,10.0,6,2.0,^NSEI,60,-0.23814045957728003,0.0012126879756009235,-0.0027636860947899628,-0.0052399670139445225,2.47628091915456,0.00247628091915456,True,0.14107881085053453,1.0,1948950995.216098,0.02548842120569794
confirmed_flow_momentum_top20_effective_d-5_to_d-1,effective,-5,-1,248,Indonesia,inclusion,PROMOTION,BANK TABUNGAN NEGARA,BBTN.JK,1.0,top_pre_entry_runup,2017-11-13,2017-11-30,2017-11-23,2017-11-29,2017-11-23,2017-11-29,2258.421630859375,2332.226318359375,0.032679764704483416,0.032679764704483416,0.030679764704483414,10.0,6,2.0,^JKSE,60,0.7373882884298787,-0.0003097235310801638,0.032908151208953074,0.029433374632093317,3.4747765768597576,0.0034747765768597576,True,0.0549826987259352,1.0,74106078142.49315,0.010641472373411362
confirmed_flow_momentum_top20_effective_d-5_to_d-1,effective,-5,-1,308,Korea,inclusion,PROMOTION,SILLAJEN,215600.KQ,1.0,top_pre_entry_runup,2017-11-13,2017-11-30,2017-11-23,2017-11-29,2017-11-23,2017-11-29,124300.0,98000.0,-0.21158487530168946,-0.21158487530168946,-0.21358487530168946,10.0,6,2.0,^KS11,60,-2.023560552172235,-0.00955796895469141,-0.23092600423728987,-0.23697312534163434,6.04712110434447,0.00604712110434447,True,0.40818858560794036,1.0,730445963735.0,0.10304455265601195
confirmed_flow_momentum_top20_effective_d-5_to_d-1,effective,-5,-1,343,USA,inclusion,ADD,IAC/INTERACTIVECORP A,IAC,1.0,top_pre_entry_runup,2017-11-13,2017-11-30,2017-11-23,2017-11-29,2017-11-24,2017-11-29,24.25739288330078,22.81156539916992,-0.05960358110562636,-0.05960358110562636,-0.06160358110562636,10.0,5,2.0,SPY,60,,,,,,,False,0.05870463197547915,0.8,145667353.53776437,0.020812431795014887
confirmed_flow_momentum_top20_effective_d-5_to_d-1,effective,-5,-1,353,USA,inclusion,ADD,OWENS CORNING,OC,1.0,top_pre_entry_runup,2017-11-13,2017-11-30,2017-11-23,2017-11-29,2017-11-24,2017-11-29,76.70136260986328,77.28788757324219,0.007646864976339929,0.007646864976339929,0.005646864976339929,10.0,5,2.0,SPY,60,,,,,,,False,0.061922050944285933,0.9,86111141.4598465,0.010432423124167587
confirmed_flow_momentum_top20_effective_d-5_to_d-1,effective,-5,-1,344,USA,inclusion,ADD,IPG PHOTONICS,IPGP,1.0,top_pre_entry_runup,2017-11-13,2017-11-30,2017-11-23,2017-11-29,2017-11-24,2017-11-29,242.0500030517578,228.1300048828125,-0.05750877088800854,-0.05750877088800854,-0.059508770888008544,10.0,5,2.0,SPY,60,,,,,,,False,0.06582399361533531,1.0,118357458.94927979,0.021654786877586575
confirmed_flow_momentum_top20_effective_d-5_to_d-1,effective,-5,-1,394,India,inclusion,ADD,POWER GRID CORP OF INDIA,POWERGRID.NS,1.0,top_pre_entry_runup,2018-05-14,2018-05-31,2018-05-24,2018-05-30,2018-05-24,2018-05-30,78.47869110107422,77.64479064941406,-0.010625820078805304,-0.010625820078805304,-0.012625820078805304,10.0,6,2.0,^NSEI,60,0.33363566894688346,0.00955882038776612,-0.01381498351322076,-0.016482254851114528,2.6672713378937667,0.0026672713378937665,True,0.010762958878210105,1.0,1470126653.3270924,0.010858139488929584
confirmed_flow_momentum_top20_effective_d-5_to_d-1,effective,-5,-1,400,Indonesia,inclusion,ADD,INDAH KIAT PULP & PAPER,INKP.JK,1.0,top_pre_entry_runup,2018-05-14,2018-05-31,2018-05-24,2018-05-30,2018-05-24,2018-05-30,14246.9501953125,15695.0009765625,0.10163935167867955,0.10163935167867955,0.09963935167867954,10.0,6,2.0,^JKSE,60,0.4118689049729787,0.010849521000516393,0.09717077134471552,0.09434703353476956,2.8237378099459574,0.0028237378099459573,True,0.10905736058118531,1.0,211451531741.09375,0.019759352772761113
confirmed_flow_momentum_top20_effective_d-5_to_d-1,effective,-5,-1,420,Korea,inclusion,PROMOTION,HLB,028300.KQ,1.0,top_pre_entry_runup,2018-05-14,2018-05-31,2018-05-24,2018-05-30,2018-05-24,2018-05-30,47965.125,53055.30078125,0.10612243335652738,0.10612243335652738,0.10412243335652738,10.0,6,2.0,^KS11,60,-1.2010794149109911,-0.023106143220467112,0.07837012037643917,0.0739679615466172,4.402158829821982,0.004402158829821982,True,0.19587628123772238,1.0,196632806965.56192,0.07474423000097714
confirmed_flow_momentum_top20_effective_d-5_to_d-1,effective,-5,-1,535,USA,inclusion,ADD,WESTLAKE CHEMICAL CORP,WLK,1.0,top_pre_entry_runup,2018-05-14,2018-05-31,2018-05-24,2018-05-30,2018-05-24,2018-05-30,106.7245635986328,105.5040512084961,-0.011436096330426637,-0.011436096330426637,-0.013436096330426637,10.0,6,2.0,SPY,60,,,,,,,False,0.03169317862015619,0.8571428571428571,85511043.06186676,0.016288896212418566
confirmed_flow_momentum_top20_effective_d-5_to_d-1,effective,-5,-1,504,USA,inclusion,PROMOTION,GODADDY A,GDDY,1.0,top_pre_entry_runup,2018-05-14,2018-05-31,2018-05-24,2018-05-30,2018-05-24,2018-05-30,70.76000213623047,72.12999725341797,0.019361151439056146,0.019361151439056146,0.017361151439056144,10.0,6,2.0,SPY,60,,,,,,,False,0.032178204348465966,1.0,140338659.35092926,0.011636039683290278
confirmed_flow_momentum_top20_effective_d-5_to_d-1,effective,-5,-1,543,Korea,inclusion,ADD,LG UPLUS,032640.KS,1.0,top_pre_entry_runup,2018-08-13,2018-08-31,2018-08-24,2018-08-30,2018-08-24,2018-08-30,11488.86328125,11242.16796875,-0.021472560553715603,-0.021472560553715603,-0.023472560553715605,10.0,6,2.0,^KS11,60,0.048482069838551585,0.006166089001710562,-0.02177150531132726,-0.023868469451004362,2.096964139677103,0.002096964139677103,True,0.006349257175792822,1.0,26793934077.407127,0.021522611113773793
confirmed_flow_momentum_top20_effective_d-5_to_d-1,effective,-5,-1,554,India,inclusion,ADD,DIVI'S LABORATORIES,DIVISLAB.NS,1.0,top_pre_entry_runup,2018-11-13,2018-11-30,2018-11-23,2018-11-29,2018-11-26,2018-11-29,1434.884765625,1387.7237548828125,-0.03286745519361989,-0.03286745519361989,-0.03486745519361989,10.0,3,2.0,^NSEI,60,1.3934764062519513,0.02164919127582321,-0.06303509245091511,-0.06782204526341902,4.786952812503903,0.004786952812503902,True,-0.000849308724977127,1.0,1687237309.2160156,0.017128246695199117
confirmed_flow_momentum_top20_effective_d-5_to_d-1,effective,-5,-1,604,Indonesia,inclusion,ADD,PABRIK K TJIWI KIMIA,TKIM.JK,1.0,top_pre_entry_runup,2018-11-13,2018-11-30,2018-11-23,2018-11-29,2018-11-23,2018-11-29,12874.677734375,11955.056640625,-0.07142866895181688,-0.07142866895181688,-0.07342866895181688,10.0,6,2.0,^JKSE,60,2.274497317394935,0.016810260097350538,-0.1096635604479518,-0.11621255508274167,6.54899463478987,0.00654899463478987,True,0.14798205831725464,1.0,155095013265.8496,0.045932297777782106
confirmed_flow_momentum_top20_effective_d-5_to_d-1,effective,-5,-1,655,Korea,inclusion,PROMOTION,POSCO CHEMTECH CO,058430.KS,1.0,top_pre_entry_runup,2018-11-13,2018-11-30,2018-11-23,2018-11-29,2018-11-23,2018-11-29,1500.109375,1512.01513671875,0.007936595769058474,0.007936595769058474,0.005936595769058474,10.0,6,2.0,^KS11,60,0.8974821082545014,0.02751915825426421,-0.01676135639836783,-0.020556320614876833,3.794964216509003,0.0037949642165090026,True,0.0,1.0,123195315.2321167,0.010350656618954958
confirmed_flow_momentum_top20_effective_d-5_to_d-1,effective,-5,-1,767,USA,inclusion,ADD,NRG ENERGY,NRG,1.0,top_pre_entry_runup,2018-11-13,2018-11-30,2018-11-23,2018-11-29,2018-11-23,2018-11-29,31.955575942993164,32.24653244018555,0.00910503061222978,0.00910503061222978,0.007105030612229781,10.0,6,2.0,SPY,60,,,,,,,False,-0.031471664658785925,0.8571428571428571,164120617.88869858,0.020341751063132612
confirmed_flow_momentum_top20_effective_d-5_to_d-1,effective,-5,-1,753,USA,inclusion,PROMOTION,LAMB WESTON HOLDINGS,LW,1.0,top_pre_entry_runup,2018-11-13,2018-11-30,2018-11-23,2018-11-29,2018-11-23,2018-11-29,72.30191040039062,68.37273406982422,-0.05434401814291723,-0.05434401814291723,-0.05634401814291723,10.0,6,2.0,SPY,60,,,,,,,False,-0.01871636355230677,1.0,97557478.76434326,0.01390796015559225
confirmed_flow_momentum_top20_effective_d-5_to_d-1,effective,-5,-1,783,USA,inclusion,ADD,ALTICE USA A,OPTU,1.0,top_pre_entry_runup,2019-02-11,2019-02-28,2019-02-21,2019-02-27,2019-02-21,2019-02-27,21.030000686645508,21.780000686645508,0.035663336924010025,0.035663336924010025,0.03366333692401002,10.0,6,2.0,SPY,60,,,,,,,False,0.02811439395543358,1.0,118244007.647295,0.016455416052030058
confirmed_flow_momentum_top20_effective_d-5_to_d-1,effective,-5,-1,959,USA,inclusion,ADD,OKTA,OKTA,1.0,top_pre_entry_runup,2019-05-13,2019-05-28,2019-05-21,2019-05-27,2019-05-21,2019-05-24,109.6500015258789,109.62999725341795,-0.0001824375028049996,-0.0001824375028049996,-0.0021824375028049996,10.0,3,2.0,SPY,60,,,,,,,False,0.08804722569405676,0.8235294117647058,193886610.9915924,0.02201188623145748
confirmed_flow_momentum_top20_effective_d-5_to_d-1,effective,-5,-1,971,USA,inclusion,ADD,SNAP A,SNAP,1.0,top_pre_entry_runup,2019-05-13,2019-05-28,2019-05-21,2019-05-27,2019-05-21,2019-05-24,11.539999961853027,11.5600004196167,0.0017331419263246772,0.0017331419263246772,-0.0002668580736753228,10.0,3,2.0,SPY,60,,,,,,,False,0.1068249218972781,0.8823529411764706,221838291.14673615,0.033583410116297986
confirmed_flow_momentum_top20_effective_d-5_to_d-1,effective,-5,-1,975,USA,inclusion,PROMOTION,TWILIO A,TWLO,1.0,top_pre_entry_runup,2019-05-13,2019-05-28,2019-05-21,2019-05-27,2019-05-21,2019-05-24,137.7100067138672,133.89999389648438,-0.027666927831172305,-0.027666927831172305,-0.029666927831172307,10.0,3,2.0,SPY,60,,,,,,,False,0.11564960161316029,0.9411764705882353,672416566.8099213,0.034630395309491746
confirmed_flow_momentum_top20_effective_d-5_to_d-1,effective,-5,-1,948,USA,inclusion,ADD,MONGODB A,MDB,1.0,top_pre_entry_runup,2019-05-13,2019-05-28,2019-05-21,2019-05-27,2019-05-21,2019-05-24,144.39999389648438,139.77000427246094,-0.03206364141083362,-0.03206364141083362,-0.03406364141083362,10.0,3,2.0,SPY,60,,,,,,,False,0.1346214581262961,1.0,159306404.12864685,0.029775996987748538
confirmed_flow_momentum_top20_effective_d-5_to_d-1,effective,-5,-1,798,India,inclusion,ADD,ICICI LOMBARD GENL INS,ICICIGI.NS,1.0,top_pre_entry_runup,2019-05-13,2019-05-28,2019-05-21,2019-05-27,2019-05-21,2019-05-27,1094.0943603515625,1065.6275634765625,-0.026018593922605415,-0.026018593922605415,-0.028018593922605417,10.0,6,2.0,^NSEI,60,0.578831339281947,0.018417333340672748,-0.036679123646189075,-0.03983678632475297,3.157662678563894,0.003157662678563894,True,0.06200999293009102,1.0,739470519.6953369,0.014755623582212184
confirmed_flow_momentum_top20_effective_d-5_to_d-1,effective,-5,-1,813,Indonesia,inclusion,ADD,BARITO PACIFIC,BRPT.JK,1.0,top_pre_entry_runup,2019-05-13,2019-05-28,2019-05-21,2019-05-27,2019-05-21,2019-05-27,718.5965576171875,716.6278076171875,-0.002739715323057279,-0.002739715323057279,-0.004739715323057279,10.0,6,2.0,^JKSE,60,0.7521131756420543,0.024801348166003656,-0.021393136052394526,-0.024897362403678635,3.5042263512841085,0.003504226351284109,True,-0.08521301232910705,1.0,117592556499.05916,0.017503459767620827
confirmed_flow_momentum_top20_effective_d-5_to_d-1,effective,-5,-1,981,India,inclusion,ADD,HDFC LIFE INSURANCE CO,HDFCLIFE.BO,1.0,top_pre_entry_runup,2019-08-07,2019-08-27,2019-08-20,2019-08-26,2019-08-20,2019-08-26,517.6500854492188,516.7177124023438,-0.0018011646729776398,-0.0018011646729776398,-0.00380116467297764,10.0,6,2.0,^NSEI,60,1.1680185872106723,0.0037078705069437667,-0.006132026344058217,-0.010468063518479561,4.336037174421344,0.004336037174421344,True,0.011672837536712333,1.0,2104973712.4440308,0.02107402330817522
confirmed_flow_momentum_top20_effective_d-5_to_d-1,effective,-5,-1,985,USA,inclusion,PROMOTION,ROKU A,ROKU,1.0,top_pre_entry_runup,2019-08-07,2019-08-27,2019-08-20,2019-08-26,2019-08-20,2019-08-26,134.25999450683594,143.00999450683594,0.06517205688962302,0.06517205688962302,0.06317205688962302,10.0,6,2.0,SPY,60,,,,,,,False,0.3366346942877394,1.0,1335594248.6950684,0.052642509669187314
confirmed_flow_momentum_top20_effective_d-5_to_d-1,effective,-5,-1,996,India,inclusion,ADD,DLF,DLF.BO,1.0,top_pre_entry_runup,2019-11-07,2019-11-26,2019-11-19,2019-11-25,2019-11-19,2019-11-25,205.62742614746097,210.40499877929688,0.02323412164100036,0.02323412164100036,0.02123412164100036,10.0,6,2.0,^NSEI,60,1.4747561180348254,0.011193406671420103,0.006726576670671731,0.00177706443460208,4.949512236069651,0.004949512236069651,True,0.12262925372658762,0.8571428571428571,171382790.31012267,0.019185001975682656
confirmed_flow_momentum_top20_effective_d-5_to_d-1,effective,-5,-1,1001,India,inclusion,ADD,HDFC ASSET MANAGEMENT,HDFCAMC.BO,1.0,top_pre_entry_runup,2019-11-07,2019-11-26,2019-11-19,2019-11-25,2019-11-19,2019-11-25,1577.8553466796875,1579.8809814453125,0.001283789905004662,0.001283789905004662,-0.0007162100949953381,10.0,6,2.0,^NSEI,60,1.040153633826965,0.011193406671420103,-0.010359072719175952,-0.014439379986829882,4.0803072676539305,0.00408030726765393,True,0.14118508661236673,1.0,198917611.42611083,0.032423303969196286
confirmed_flow_momentum_top20_effective_d-5_to_d-1,effective,-5,-1,1028,Indonesia,inclusion,PROMOTION,ACE HARDWARE INDONESIA,ACES.JK,1.0,top_pre_entry_runup,2019-11-07,2019-11-26,2019-11-19,2019-11-25,2019-11-19,2019-11-25,1206.665771484375,1287.6007080078125,0.06707320157418217,0.06707320157418217,0.06507320157418217,10.0,6,2.0,^JKSE,60,0.621527207056639,-0.013219513821205342,0.07528948907812257,0.07204643466400928,3.2430544141132778,0.003243054414113278,True,0.02409641685008146,1.0,43212890267.475586,0.02175361091899427
confirmed_flow_momentum_top20_effective_d-5_to_d-1,effective,-5,-1,1056,Korea,inclusion,PROMOTION,KMW CO,032500.KQ,1.0,top_pre_entry_runup,2019-11-07,2019-11-26,2019-11-19,2019-11-25,2019-11-19,2019-11-25,47950.0,46250.0,-0.035453597497393075,-0.035453597497393075,-0.037453597497393076,10.0,6,2.0,^KS11,60,-0.0888884309098522,-0.013811739689609692,-0.03668130136653781,-0.03885907822835751,2.177776861819704,0.0021777768618197043,True,0.009183673469387754,1.0,73458635462.5,0.04063261534604055
confirmed_flow_momentum_top20_effective_d-5_to_d-1,effective,-5,-1,1121,USA,inclusion,ADD,MEDICAL PROPERTIES TRUST,MPT,1.0,top_pre_entry_runup,2019-11-07,2019-11-26,2019-11-19,2019-11-25,2019-11-19,2019-11-25,12.232476234436035,11.951337814331056,-0.02298295248786475,-0.02298295248786475,-0.02498295248786475,10.0,6,2.0,SPY,60,0.32242084186951003,0.004616480298605952,-0.024471401952215286,-0.027116243635954305,2.64484168373902,0.00264484168373902,True,0.058187578141413177,0.8,95420911.41068459,0.019201055997572356
confirmed_flow_momentum_top20_effective_d-5_to_d-1,effective,-5,-1,1116,USA,inclusion,ADD,INSULET CORP,PODD,1.0,top_pre_entry_runup,2019-11-07,2019-11-26,2019-11-19,2019-11-25,2019-11-19,2019-11-25,180.88999938964844,181.16000366210935,0.0014926434483495399,0.0014926434483495399,-0.0005073565516504602,10.0,6,2.0,SPY,60,,,,,,,False,0.106872147132973,0.9,155176594.42314148,0.02676038238273193
confirmed_flow_momentum_top20_effective_d-5_to_d-1,effective,-5,-1,1123,USA,inclusion,ADD,NEUROCRINE BIOSCIENCES,NBIX,1.0,top_pre_entry_runup,2019-11-07,2019-11-26,2019-11-19,2019-11-25,2019-11-19,2019-11-25,112.7300033569336,114.9800033569336,0.019959193941260667,0.019959193941260667,0.017959193941260665,10.0,6,2.0,SPY,60,,,,,,,False,0.11128339782868446,1.0,98238953.60973358,0.02050345088333344
confirmed_flow_momentum_top20_effective_d-5_to_d-1,effective,-5,-1,1134,India,inclusion,ADD,BIOCON LTD,BIOCON.BO,1.0,top_pre_entry_runup,2020-05-12,2020-05-29,2020-05-22,2020-05-28,2020-05-22,2020-05-28,344.5054016113281,340.0766906738281,-0.012855272854317867,-0.012855272854317867,-0.014855272854317867,10.0,6,2.0,^NSEI,60,0.5232411848451304,0.04987688241557642,-0.038952911905825324,-0.041999394275515585,3.0464823696902608,0.0030464823696902607,True,0.03465348322755979,0.8,81322228.94076996,0.01889323044492007
confirmed_flow_momentum_top20_effective_d-5_to_d-1,effective,-5,-1,1197,India,inclusion,ADD,TORRENT PHARMACEUTICALS,TORNTPHARM.NS,1.0,top_pre_entry_runup,2020-05-12,2020-05-29,2020-05-22,2020-05-28,2020-05-22,2020-05-28,1209.146240234375,1096.1578369140625,-0.09344477910166715,-0.09344477910166715,-0.09544477910166715,10.0,6,2.0,^NSEI,60,0.3625417254272058,0.04987688241557642,-0.11152723011154009,-0.1142523135623945,2.7250834508544117,0.0027250834508544116,True,0.07093217358622272,1.0,1853946148.563086,0.024971950053736338
confirmed_flow_momentum_top20_effective_d-5_to_d-1,effective,-5,-1,1228,Korea,inclusion,PROMOTION,CELLTRION PHARM,068760.KQ,1.0,top_pre_entry_runup,2020-05-12,2020-05-29,2020-05-22,2020-05-28,2020-05-22,2020-05-28,69097.015625,69338.0546875,0.003488414952798502,0.003488414952798502,0.001488414952798502,10.0,6,2.0,^KS11,60,1.0662228282682622,0.02964780701523395,-0.028122753694935866,-0.03225519935147239,4.132445656536524,0.004132445656536525,True,0.11398953712987558,1.0,101251104977.70683,0.030095398924015776
confirmed_flow_momentum_top20_effective_d-5_to_d-1,effective,-5,-1,1315,USA,inclusion,ADD,APOLLO GLOBAL MGMT A,APO,1.0,top_pre_entry_runup,2020-05-12,2020-05-29,2020-05-22,2020-05-28,2020-05-22,2020-05-28,39.5020751953125,41.24083709716797,0.04401697615273137,0.04401697615273137,0.04201697615273137,10.0,6,2.0,SPY,60,,,,,,,False,0.02845702618628443,1.0,79510717.22167969,0.03220932430548281
confirmed_flow_momentum_top20_effective_d-5_to_d-1,effective,-5,-1,1456,Korea,inclusion,PROMOTION,ALTEOGEN,196170.KQ,1.0,top_pre_entry_runup,2020-08-12,2020-08-31,2020-08-24,2020-08-28,2020-08-24,2020-08-28,101969.3125,102191.3515625,0.0021775086744848515,0.0021775086744848515,0.00017750867448485148,10.0,4,2.0,^KS11,60,0.27205689727145416,0.01028829137720444,-0.0006214919558220444,-0.0031656057503649526,2.544113794542908,0.0025441137945429082,True,-0.12052629641281476,1.0,90864721134.35039,0.03967074849073397
confirmed_flow_momentum_top20_effective_d-5_to_d-1,effective,-5,-1,1465,USA,inclusion,PROMOTION,ZSCALER,ZS,1.0,top_pre_entry_runup,2020-08-12,2020-08-31,2020-08-24,2020-08-28,2020-08-24,2020-08-28,135.74000549316406,141.1300048828125,0.03970825969886871,0.03970825969886871,0.03770825969886871,10.0,4,2.0,SPY,60,,,,,,,False,0.13306523688714567,1.0,263859775.92269897,0.025732209943326263
confirmed_flow_momentum_top20_effective_d-5_to_d-1,effective,-5,-1,1494,India,inclusion,ADD,MRF,MRF.NS,1.0,top_pre_entry_runup,2020-11-10,2020-11-30,2020-11-23,2020-11-27,2020-11-23,2020-11-27,79437.640625,77081.875,-0.029655533654641464,-0.029655533654641464,-0.031655533654641466,10.0,4,2.0,^NSEI,60,0.8038026841634682,0.003287832263138446,-0.0322983020528314,-0.03590590742115834,3.6076053683269365,0.0036076053683269365,True,0.13991691810727946,0.8333333333333334,4265842906.3320312,0.01843059825567621
confirmed_flow_momentum_top20_effective_d-5_to_d-1,effective,-5,-1,1476,India,inclusion,PROMOTION,APOLLO HOSPITALS,APOLLOHOSP.NS,1.0,top_pre_entry_runup,2020-11-10,2020-11-30,2020-11-23,2020-11-27,2020-11-23,2020-11-27,2344.693115234375,2317.597412109375,-0.011556183173375145,-0.011556183173375145,-0.013556183173375145,10.0,4,2.0,^NSEI,60,0.3266545218614157,0.003287832263138446,-0.01263016844925117,-0.015283477492974002,2.6533090437228313,0.0026533090437228313,True,0.15550314165146117,0.9166666666666666,4773824881.942383,0.03099052141275266
confirmed_flow_momentum_top20_effective_d-5_to_d-1,effective,-5,-1,1471,India,inclusion,ADD,ADANI GREEN ENERGY,ADANIGREEN.NS,1.0,top_pre_entry_runup,2020-11-10,2020-11-30,2020-11-23,2020-11-27,2020-11-23,2020-11-27,1180.300048828125,1136.4000244140625,-0.03719395289159666,-0.03719395289159666,-0.03919395289159666,10.0,4,2.0,^NSEI,60,0.3308471955551737,0.003287832263138446,-0.038281722975311835,-0.04094341736642218,2.6616943911103474,0.0026616943911103477,True,0.3271920000354138,1.0,5207701352.169736,0.033559389371531155
confirmed_flow_momentum_top20_effective_d-5_to_d-1,effective,-5,-1,1507,Indonesia,inclusion,ADD,SARANA MENARA NUSANTARA,TOWR.JK,1.0,top_pre_entry_runup,2020-11-10,2020-11-30,2020-11-23,2020-11-27,2020-11-23,2020-11-27,912.654052734375,959.56591796875,0.051401585402293115,0.051401585402293115,0.04940158540229311,10.0,4,2.0,^JKSE,60,0.2892590488235742,0.023098575684721512,0.044720113370551234,0.042141595272904085,2.5785180976471485,0.0025785180976471483,True,0.024875738434959382,1.0,209388775042.0749,0.019757074160658056
confirmed_flow_momentum_top20_effective_d-5_to_d-1,effective,-5,-1,1524,Korea,inclusion,PROMOTION,DOOSAN HEAVY INDUSTRIES,131970.KQ,1.0,top_pre_entry_runup,2020-11-10,2020-11-30,2020-11-23,2020-11-27,2020-11-23,2020-11-27,41587.26171875,44376.05078125,0.0670587325840366,0.0670587325840366,0.0650587325840366,10.0,4,2.0,^KS11,60,1.3190680472933367,0.011857366023499072,0.05141805993737733,0.04677992384279066,4.638136094586674,0.004638136094586674,True,0.09173122177051951,1.0,19355899076.67285,0.02441170804465137
confirmed_flow_momentum_top20_effective_d-5_to_d-1,effective,-5,-1,1621,USA,inclusion,ADD,ETSY,ETSY,1.0,top_pre_entry_runup,2020-11-10,2020-11-30,2020-11-23,2020-11-27,2020-11-23,2020-11-27,140.1999969482422,160.5500030517578,0.14514983271382143,0.14514983271382143,0.14314983271382142,10.0,4,2.0,SPY,60,,,,,,,False,0.17273714477687996,0.8125,536068506.26659393,0.06154315378874628
confirmed_flow_momentum_top20_effective_d-5_to_d-1,effective,-5,-1,1619,USA,inclusion,ADD,ENPHASE ENERGY,ENPH,1.0,top_pre_entry_runup,2020-11-10,2020-11-30,2020-11-23,2020-11-27,2020-11-23,2020-11-27,134.42999267578125,140.55999755859375,0.04559997929626358,0.04559997929626358,0.04359997929626358,10.0,4,2.0,SPY,60,,,,,,,False,0.1846603625646761,0.875,357630835.61222076,0.04637416786199602
confirmed_flow_momentum_top20_effective_d-5_to_d-1,effective,-5,-1,1614,USA,inclusion,ADD,DRAFTKINGS A,DKNG,1.0,top_pre_entry_runup,2020-11-10,2020-11-30,2020-11-23,2020-11-27,2020-11-23,2020-11-27,48.029998779296875,52.75,0.09827194130052042,0.09827194130052042,0.09627194130052041,10.0,4,2.0,SPY,60,,,,,,,False,0.19499501518506568,0.9375,1028518500.2249718,0.03912188849491435
confirmed_flow_momentum_top20_effective_d-5_to_d-1,effective,-5,-1,1586,USA,inclusion,PROMOTION,CARVANA A,CVNA,1.0,top_pre_entry_runup,2020-11-10,2020-11-30,2020-11-23,2020-11-27,2020-11-23,2020-11-27,240.0800018310547,249.13999938964844,0.037737410402759464,0.037737410402759464,0.03573741040275946,10.0,4,2.0,SPY,60,,,,,,,False,0.21720606974619527,1.0,369951598.9658356,0.034471432143711955
confirmed_flow_momentum_top20_effective_d-5_to_d-1,effective,-5,-1,1719,Indonesia,inclusion,PROMOTION,ANEKA TAMBANG,ANTM.JK,1.0,top_pre_entry_runup,2021-02-09,2021-02-26,2021-02-19,2021-02-25,2021-02-19,2021-02-25,2214.06298828125,2275.564697265625,0.02777775939975302,0.02777775939975302,0.02577775939975302,10.0,6,2.0,^JKSE,60,3.0,0.009260990972574934,-5.21351797178049e-06,-0.00800521351797178,8.0,0.008,True,0.018314961642972305,1.0,1550994498462.8274,0.06108236319373431
confirmed_flow_momentum_top20_effective_d-5_to_d-1,effective,-5,-1,1720,USA,inclusion,ADD,AIRBNB A,ABNB,1.0,top_pre_entry_runup,2021-02-09,2021-02-26,2021-02-19,2021-02-25,2021-02-19,2021-02-25,201.07000732421875,182.05999755859375,-0.09454423371543419,-0.09454423371543419,-0.09654423371543419,10.0,6,2.0,SPY,60,,,,,,,False,-0.009205581107317173,1.0,882049512.7404022,0.04097293279565199
confirmed_flow_momentum_top20_effective_d-5_to_d-1,effective,-5,-1,1769,Indonesia,inclusion,PROMOTION,TOWER BERSAMA INFRA,TBIG.JK,1.0,top_pre_entry_runup,2021-05-11,2021-05-27,2021-05-20,2021-05-26,2021-05-20,2021-05-25,2219.85986328125,2255.520263671875,0.016064257469800003,0.016064257469800003,0.014064257469800003,10.0,5,2.0,^JKSE,60,1.046881777302642,0.0031465925025007113,0.01277014711833489,0.008676383563729607,4.0937635546052835,0.004093763554605283,True,-0.08015254529067217,1.0,167265123629.58984,0.025861479774200922
confirmed_flow_momentum_top20_effective_d-5_to_d-1,effective,-5,-1,1729,India,inclusion,ADD,BHARAT ELECTRONICS,BEL.NS,1.0,top_pre_entry_runup,2021-05-11,2021-05-27,2021-05-20,2021-05-26,2021-05-20,2021-05-26,48.93195343017578,46.731895446777344,-0.04496158091333602,-0.04496158091333602,-0.04696158091333602,10.0,6,2.0,^NSEI,60,1.1771656803883694,0.026526168623202784,-0.07618727624876515,-0.08054160760954189,4.354331360776738,0.004354331360776739,True,0.04442929415946906,0.8333333333333334,2661366095.54812,0.025735382481949006
confirmed_flow_momentum_top20_effective_d-5_to_d-1,effective,-5,-1,1725,India,inclusion,ADD,ADANI TRANSMISSION,ADANIENSOL.NS,1.0,top_pre_entry_runup,2021-05-11,2021-05-27,2021-05-20,2021-05-26,2021-05-20,2021-05-26,1385.75,1392.550048828125,0.004907125259336009,0.004907125259336009,0.0029071252593360093,10.0,6,2.0,^NSEI,60,0.5514010019366165,0.026526168623202784,-0.009719430697037644,-0.012822232700910877,3.102802003873233,0.003102802003873233,True,0.10527847792304512,1.0,1950084005.8701172,0.033814724275507156
confirmed_flow_momentum_top20_effective_d-5_to_d-1,effective,-5,-1,1795,Korea,inclusion,ADD,HYBE,352820.KS,1.0,top_pre_entry_runup,2021-05-11,2021-05-27,2021-05-20,2021-05-26,2021-05-20,2021-05-26,264575.53125,257613.046875,-0.02631567757647657,-0.02631567757647657,-0.028315677576476572,10.0,6,2.0,^KS11,60,1.707806997027412,0.0019447684223958817,-0.029636966695842218,-0.03505258068989704,5.415613994054824,0.005415613994054823,True,0.005791510826405943,1.0,68517601200.632034,0.02626736569850113
confirmed_flow_momentum_top20_effective_d-5_to_d-1,effective,-5,-1,1890,USA,inclusion,ADD,UNITY SOFTWARE,U,1.0,top_pre_entry_runup,2021-05-11,2021-05-27,2021-05-20,2021-05-26,2021-05-20,2021-05-26,90.05000305175781,96.23999786376952,0.06873952917529502,0.06873952917529502,0.06673952917529502,10.0,6,2.0,SPY,60,,,,,,,False,0.045185706806901704,0.8181818181818182,356059803.88549805,0.037894260883446475
confirmed_flow_momentum_top20_effective_d-5_to_d-1,effective,-5,-1,1884,USA,inclusion,ADD,LYFT A,LYFT,1.0,top_pre_entry_runup,2021-05-11,2021-05-27,2021-05-20,2021-05-26,2021-05-20,2021-05-26,51.959999084472656,54.91999816894531,0.056966880997447955,0.056966880997447955,0.05496688099744795,10.0,6,2.0,SPY,60,,,,,,,False,0.069438742540751,0.9090909090909091,523975431.961174,0.03956074729912978
confirmed_flow_momentum_top20_effective_d-5_to_d-1,effective,-5,-1,1836,USA,inclusion,ADD,BENTLEY SYSTEMS B,BSY,1.0,top_pre_entry_runup,2021-05-11,2021-05-27,2021-05-20,2021-05-26,2021-05-20,2021-05-26,51.17502212524414,54.91928482055664,0.07316582465072341,0.07316582465072341,0.07116582465072341,10.0,6,2.0,SPY,60,,,,,,,False,0.13363858357124614,1.0,69533636.6315651,0.029535055648502617
confirmed_flow_momentum_top20_effective_d-5_to_d-1,effective,-5,-1,1893,Korea,inclusion,ADD,SK BIOSCIENCE CO,302440.KS,1.0,top_pre_entry_runup,2021-08-11,2021-08-31,2021-08-24,2021-08-30,2021-08-24,2021-08-30,304000.0,299500.0,-0.014802631578947345,-0.014802631578947345,-0.016802631578947347,10.0,6,2.0,^KS11,60,-0.3661962381737172,0.0018767780283865942,-0.014115362525065088,-0.016847755001412522,2.7323924763474343,0.0027323924763474343,True,0.07833333333333337,1.0,1077358904450.0,0.09042336596928731
confirmed_flow_momentum_top20_effective_d-5_to_d-1,effective,-5,-1,1895,USA,inclusion,PROMOTION,AMC ENTERTAINMENT HLDG A,AMC,1.0,top_pre_entry_runup,2021-08-11,2021-08-31,2021-08-24,2021-08-30,2021-08-24,2021-08-30,442.6000061035156,433.2999877929687,-0.021012241713281532,-0.021012241713281532,-0.023012241713281534,10.0,6,2.0,SPY,60,,,,,,,False,0.1657685825450672,1.0,3451638515.156616,0.0737765903285735
confirmed_flow_momentum_top20_effective_d-5_to_d-1,effective,-5,-1,1925,India,inclusion,PROMOTION,INDIAN RAIL CATER & TOUR,IRCTC.BO,1.0,top_pre_entry_runup,2021-11-11,2021-11-30,2021-11-23,2021-11-29,2021-11-23,2021-11-29,853.7922973632812,741.8729248046875,-0.1310850108442394,-0.1310850108442394,-0.1330850108442394,10.0,6,2.0,^NSEI,60,1.4511997323141852,-0.02567510794529837,-0.09382530106688461,-0.09872770053151297,4.90239946462837,0.0049023994646283705,True,0.046825977647653394,1.0,887824467.5113312,0.029997529652049465
confirmed_flow_momentum_top20_effective_d-5_to_d-1,effective,-5,-1,1996,Korea,inclusion,ADD,SD BIOSENSOR,137310.KS,1.0,top_pre_entry_runup,2021-11-11,2021-11-30,2021-11-23,2021-11-29,2021-11-23,2021-11-29,46467.81640625,52105.78125,0.12133053110263403,0.12133053110263403,0.11933053110263403,10.0,6,2.0,^KS11,60,1.3250155089913955,-0.029362802051044135,0.16023669920771186,0.15558666818972908,4.650031017982791,0.00465003101798279,True,0.14864858327781572,1.0,61557784972.77344,0.042876876496258126
confirmed_flow_momentum_top20_effective_d-5_to_d-1,effective,-5,-1,2067,USA,inclusion,ADD,ENTEGRIS,ENTG,1.0,top_pre_entry_runup,2021-11-11,2021-11-30,2021-11-23,2021-11-29,2021-11-23,2021-11-29,147.54005432128906,152.12086486816406,0.031047911483749635,0.031047911483749635,0.029047911483749633,10.0,6,2.0,SPY,60,,,,,,,False,0.011009515058085784,0.8333333333333334,141665697.56362915,0.016683678816809818
confirmed_flow_momentum_top20_effective_d-5_to_d-1,effective,-5,-1,2124,USA,inclusion,ADD,ZOOMINFO TECH A,GTM,1.0,top_pre_entry_runup,2021-11-11,2021-11-30,2021-11-23,2021-11-29,2021-11-23,2021-11-29,67.63999938964844,69.86000061035156,0.032820834428376244,0.032820834428376244,0.030820834428376243,10.0,6,2.0,SPY,60,1.5380140014229204,-0.007667861870594095,0.04461411334632691,0.039538085343481064,5.076028002845841,0.005076028002845841,True,0.020264698127243408,0.9166666666666666,352641583.0258179,0.030181523825034393
confirmed_flow_momentum_top20_effective_d-5_to_d-1,effective,-5,-1,2100,USA,inclusion,ADD,LUCID GROUP A,LCID,1.0,top_pre_entry_runup,2021-11-11,2021-11-30,2021-11-23,2021-11-29,2021-11-23,2021-11-29,524.4000244140625,550.5999755859375,0.049961765736280084,0.049961765736280084,0.04796176573628008,10.0,6,2.0,SPY,60,,,,,,,False,0.13650517136590823,1.0,4930203884.044403,0.08860142501450367
confirmed_flow_momentum_top20_effective_d-5_to_d-1,effective,-5,-1,2125,Indonesia,inclusion,ADD,BANK JAGO,ARTO.JK,1.0,top_pre_entry_runup,2022-02-09,2022-02-28,2022-02-21,2022-02-25,2022-02-21,2022-02-25,16000.0,16175.0,0.010937500000000044,0.010937500000000044,0.008937500000000044,10.0,4,2.0,^JKSE,60,2.5195118800229026,-0.0021431291694749,0.016337139402915674,0.009298115642869868,7.039023760045805,0.007039023760045805,True,-0.04334365325077394,1.0,874192685125.0,0.03440390141875678
confirmed_flow_momentum_top20_effective_d-5_to_d-1,effective,-5,-1,2127,Korea,inclusion,PROMOTION,MERITZ FINANCIAL HOLDING,138040.KS,1.0,top_pre_entry_runup,2022-02-09,2022-02-28,2022-02-21,2022-02-25,2022-02-21,2022-02-25,36135.2578125,37366.6015625,0.03407596415637171,0.03407596415637171,0.032075964156371706,10.0,4,2.0,^KS11,60,1.1860370754782124,-0.024433281532716955,0.06305474192977115,0.05868266777881472,4.372074150956425,0.0043720741509564245,True,-0.142857116555833,1.0,13519332785.141796,0.030015240102763817
confirmed_flow_momentum_top20_effective_d-5_to_d-1,effective,-5,-1,2130,USA,inclusion,PROMOTION,KIMCO REALTY CORP,KIM,1.0,top_pre_entry_runup,2022-02-09,2022-02-28,2022-02-21,2022-02-25,2022-02-22,2022-02-25,19.71512794494629,20.33980941772461,0.03168538771458751,0.03168538771458751,0.029685387714587508,10.0,3,2.0,SPY,60,,,,,,,False,-0.03643723720449599,1.0,120654812.05871582,0.01898975275061651
confirmed_flow_momentum_top20_effective_d-5_to_d-1,effective,-5,-1,2243,USA,inclusion,PROMOTION,ALCOA (NEW),AA,1.0,top_pre_entry_runup,2022-05-12,2022-05-31,2022-05-24,2022-05-30,2022-05-24,2022-05-27,58.87474060058594,61.91783142089844,0.051687545274419655,0.051687545274419655,0.04968754527441965,10.0,3,2.0,SPY,60,,,,,,,False,0.15882074556956916,0.8333333333333334,401960266.330719,0.04631710408513564
confirmed_flow_momentum_top20_effective_d-5_to_d-1,effective,-5,-1,2253,USA,inclusion,PROMOTION,APA CORPORATION,APA,1.0,top_pre_entry_runup,2022-05-12,2022-05-31,2022-05-24,2022-05-30,2022-05-24,2022-05-27,38.35133743286133,41.868194580078125,0.09170103007159747,0.09170103007159747,0.08970103007159747,10.0,3,2.0,SPY,60,1.3068514157986124,0.054253765691286704,0.02079941956553326,0.016185716733936033,4.613702831597225,0.004613702831597224,True,0.160925620973702,1.0,354003489.04312134,0.05579788679172184
confirmed_flow_momentum_top20_effective_d-5_to_d-1,effective,-5,-1,2132,India,inclusion,PROMOTION,ADANI POWER,ADANIPOWER.NS,1.0,top_pre_entry_runup,2022-05-12,2022-05-31,2022-05-24,2022-05-30,2022-05-24,2022-05-30,62.29999923706055,68.05000305175781,0.09229540746569942,0.09229540746569942,0.09029540746569942,10.0,6,2.0,^NSEI,60,0.7485363193449625,0.03325550379435649,0.06740245505750939,0.06390538241881946,3.497072638689925,0.003497072638689925,True,0.35168010644350445,1.0,7410856602.071587,0.04464205835096994
confirmed_flow_momentum_top20_effective_d-5_to_d-1,effective,-5,-1,2196,Indonesia,inclusion,ADD,VALE INDONESIA,INCO.JK,1.0,top_pre_entry_runup,2022-05-12,2022-05-31,2022-05-24,2022-05-30,2022-05-24,2022-05-30,7500.93896484375,7668.1572265625,0.022292977252913015,0.022292977252913015,0.020292977252913014,10.0,6,2.0,^JKSE,60,0.806099014142339,0.017850926977454495,0.007903362614860064,0.004291164586575387,3.612198028284678,0.0036121980282846776,True,0.16165423211388874,1.0,322085756142.65137,0.03874141347135204
confirmed_flow_momentum_top20_effective_d-5_to_d-1,effective,-5,-1,2212,Korea,inclusion,ADD,HYUNDAI HEAVY INDUSTRIES,329180.KS,1.0,top_pre_entry_runup,2022-05-12,2022-05-31,2022-05-24,2022-05-30,2022-05-24,2022-05-30,111003.3359375,117388.484375,0.057522131056449766,0.057522131056449766,0.055522131056449764,10.0,6,2.0,^KS11,60,0.679416413127602,0.024479268748329952,0.04089051408747282,0.03753168126121762,3.3588328262552043,0.003358832826255204,True,-0.07258066998863744,1.0,54683722230.23633,0.024856921270498256
confirmed_flow_momentum_top20_effective_d-5_to_d-1,effective,-5,-1,2374,USA,inclusion,PROMOTION,GAMING & LEISURE PPTYS,GLPI,1.0,top_pre_entry_runup,2022-08-11,2022-08-31,2022-08-24,2022-08-30,2022-08-24,2022-08-30,40.88240432739258,39.13522720336914,-0.04273665291384954,-0.04273665291384954,-0.04473665291384954,10.0,6,2.0,SPY,60,,,,,,,False,-0.008933784337919137,1.0,65734726.39945984,0.012823411168027038
confirmed_flow_momentum_top20_effective_d-5_to_d-1,effective,-5,-1,2425,India,inclusion,PROMOTION,TUBE INVESTMENT (NEW),TIINDIA.NS,1.0,top_pre_entry_runup,2022-11-10,2022-11-30,2022-11-23,2022-11-29,2022-11-23,2022-11-29,2571.188232421875,2732.052490234375,0.06256417005338322,0.06256417005338322,0.060564170053383215,10.0,6,2.0,^NSEI,60,1.1030147441333948,0.019203809070878153,0.04138208550468198,0.037176056016415195,4.20602948826679,0.00420602948826679,True,0.01092001034673995,0.8,1746911086.2919922,0.026079710047372723
confirmed_flow_momentum_top20_effective_d-5_to_d-1,effective,-5,-1,2427,India,inclusion,ADD,VARUN BEVERAGES,VBL.NS,1.0,top_pre_entry_runup,2022-11-10,2022-11-30,2022-11-23,2022-11-29,2022-11-23,2022-11-29,230.8345184326172,227.19708251953125,-0.015757764210415304,-0.015757764210415304,-0.017757764210415306,10.0,6,2.0,^NSEI,60,0.9285409424812497,0.019203809070878153,-0.03358928718431847,-0.03744636906928097,3.8570818849624997,0.0038570818849625,True,0.01417855224077269,1.0,2634440885.740757,0.02930258186256157
confirmed_flow_momentum_top20_effective_d-5_to_d-1,effective,-5,-1,2478,Korea,inclusion,PROMOTION,HYUNDAI MIPO DOCKYARD,004310.KS,1.0,top_pre_entry_runup,2022-11-10,2022-11-30,2022-11-23,2022-11-29,2022-11-23,2022-11-29,4711.87353515625,4662.89404296875,-0.01039490805983101,-0.01039490805983101,-0.01239490805983101,10.0,6,2.0,^KS11,60,1.6719093241703982,0.006360553823344439,-0.021029177303968253,-0.02637299595230905,5.343818648340797,0.005343818648340797,True,-0.01129372707527343,1.0,2567789064.9690185,0.018890513853018903
confirmed_flow_momentum_top20_effective_d-5_to_d-1,effective,-5,-1,2635,USA,inclusion,PROMOTION,OVINTIV(US),OVV,1.0,top_pre_entry_runup,2022-11-10,2022-11-30,2022-11-23,2022-11-29,2022-11-23,2022-11-29,50.43480682373047,49.54838562011719,-0.017575584391773758,-0.017575584391773758,-0.01957558439177376,10.0,6,2.0,SPY,60,,,,,,,False,0.03658322464617725,0.8181818181818182,182688127.24479675,0.03993251694155749
confirmed_flow_momentum_top20_effective_d-5_to_d-1,effective,-5,-1,2607,USA,inclusion,PROMOTION,HF SINCLAIR,DINO,1.0,top_pre_entry_runup,2022-11-10,2022-11-30,2022-11-23,2022-11-29,2022-11-23,2022-11-29,56.977256774902344,55.213260650634766,-0.030959653449735614,-0.030959653449735614,-0.032959653449735615,10.0,6,2.0,SPY,60,,,,,,,False,0.06751490233286872,0.9090909090909091,103117869.61051941,0.021083085929284172
confirmed_flow_momentum_top20_effective_d-5_to_d-1,effective,-5,-1,2592,USA,inclusion,PROMOTION,FIRST SOLAR,FSLR,1.0,top_pre_entry_runup,2022-11-10,2022-11-30,2022-11-23,2022-11-29,2022-11-23,2022-11-29,169.47000122070312,161.80999755859375,-0.04519976165063955,-0.04519976165063955,-0.04719976165063955,10.0,6,2.0,SPY,60,,,,,,,False,0.06776206279542518,1.0,395611990.30426025,0.027887482957378553
confirmed_flow_momentum_top20_effective_d-5_to_d-1,effective,-5,-1,2667,India,inclusion,PROMOTION,CG POWER & INDUSTRIAL,CGPOWER.BO,1.0,top_pre_entry_runup,2023-02-09,2023-02-28,2023-02-21,2023-02-27,2023-02-21,2023-02-27,316.11541748046875,306.87896728515625,-0.029218600816529827,-0.029218600816529827,-0.03121860081652983,10.0,6,2.0,^NSEI,60,0.9849138454418249,-0.02434550528252155,-0.0052403755894972655,-0.009210203280380915,3.96982769088365,0.003969827690883649,True,0.0186257339471112,1.0,82559978.4794342,0.01992108905590072
confirmed_flow_momentum_top20_effective_d-5_to_d-1,effective,-5,-1,2700,Korea,inclusion,ADD,KAKAOPAY CORP,377300.KS,1.0,top_pre_entry_runup,2023-02-09,2023-02-28,2023-02-21,2023-02-27,2023-02-21,2023-02-27,62200.0,60900.0,-0.020900321543408373,-0.020900321543408373,-0.022900321543408375,10.0,6,2.0,^KS11,60,2.1531745835358578,-0.02290402009551329,0.02841603238704537,0.022109683219973655,6.3063491670717156,0.006306349167071715,True,-0.004823151125401881,1.0,1358204945.0,0.026969409334633758
confirmed_flow_momentum_top20_effective_d-5_to_d-1,effective,-5,-1,2844,India,inclusion,PROMOTION,MAX HEALTHCARE INSTITUTE,MAXHEALTH.NS,1.0,top_pre_entry_runup,2023-05-11,2023-05-31,2023-05-24,2023-05-30,2023-05-24,2023-05-30,555.2224731445312,533.3220825195312,-0.039444351920710274,-0.039444351920710274,-0.041444351920710276,10.0,6,2.0,^NSEI,60,-0.034762061625923164,0.019056143770778577,-0.03878192107659802,-0.040851445199849866,2.0695241232518464,0.0020695241232518463,True,0.14399343359846783,1.0,2803529743.8145704,0.018308568371301313
confirmed_flow_momentum_top20_effective_d-5_to_d-1,effective,-5,-1,2856,Indonesia,inclusion,ADD,GOTO GOJEK TOKOPEDIA,GOTO.JK,1.0,top_pre_entry_runup,2023-05-11,2023-05-31,2023-05-24,2023-05-30,2023-05-24,2023-05-30,114.0,109.0,-0.04385964912280704,-0.04385964912280704,-0.045859649122807045,10.0,6,2.0,^JKSE,60,2.367676708119853,-0.016214723171022016,-0.0054684267421669305,-0.012203780158406636,6.735353416239706,0.006735353416239705,True,-0.008620689655172376,1.0,475077598150.0,0.037165135038809013
confirmed_flow_momentum_top20_effective_d-5_to_d-1,effective,-5,-1,2862,Korea,inclusion,PROMOTION,COSMO ADVANCED MATRLS,005070.KS,1.0,top_pre_entry_runup,2023-05-11,2023-05-31,2023-05-24,2023-05-30,2023-05-24,2023-05-30,184767.625,170774.5625,-0.07573330284458657,-0.07573330284458657,-0.07773330284458657,10.0,6,2.0,^KS11,60,0.44744032241197773,0.007038138504365854,-0.07888244980616019,-0.08177733045098415,2.8948806448239557,0.002894880644823956,True,0.08065464515542509,1.0,97327937993.58438,0.0339457437648978
confirmed_flow_momentum_top20_effective_d-5_to_d-1,effective,-5,-1,2978,USA,inclusion,ADD,LATTICE SEMICONDUCTOR,LSCC,1.0,top_pre_entry_runup,2023-05-11,2023-05-31,2023-05-24,2023-05-30,2023-05-24,2023-05-30,76.05000305175781,84.43000030517578,0.11019062349957753,0.11019062349957753,0.10819062349957753,10.0,6,2.0,SPY,60,,,,,,,False,-0.004817781400261123,0.875,230872236.37180328,0.03225625759707814
confirmed_flow_momentum_top20_effective_d-5_to_d-1,effective,-5,-1,3002,USA,inclusion,ADD,UIPATH A,PATH,1.0,top_pre_entry_runup,2023-05-11,2023-05-31,2023-05-24,2023-05-30,2023-05-24,2023-05-30,16.34000015258789,16.56999969482422,0.014075859246543532,0.014075859246543532,0.012075859246543532,10.0,6,2.0,SPY,60,,,,,,,False,0.13826143405596514,1.0,158300780.12159824,0.04627389070645477
confirmed_flow_momentum_top20_effective_d-5_to_d-1,effective,-5,-1,3027,India,inclusion,PROMOTION,IDFC FIRST BANK,IDFCFIRSTB.NS,1.0,top_pre_entry_runup,2023-08-10,2023-08-31,2023-08-24,2023-08-30,2023-08-24,2023-08-30,91.15164947509766,91.94904327392578,0.008747990885737744,0.008747990885737744,0.006747990885737744,10.0,6,2.0,^NSEI,60,1.0524347225396096,-0.002024583945782754,0.010878733328975765,0.006773863883896547,4.104869445079219,0.004104869445079218,True,0.0536835509472573,0.8571428571428571,2748124189.766579,0.009542503388843724
confirmed_flow_momentum_top20_effective_d-5_to_d-1,effective,-5,-1,3046,India,inclusion,PROMOTION,SUPREME INDUSTRIES,SUPREMEIND.NS,1.0,top_pre_entry_runup,2023-08-10,2023-08-31,2023-08-24,2023-08-30,2023-08-24,2023-08-30,4347.94189453125,4306.1181640625,-0.0096192017932335,-0.0096192017932335,-0.0116192017932335,10.0,6,2.0,^NSEI,60,0.06074770425168292,-0.002024583945782754,-0.009496212966462384,-0.01161770837496575,2.1214954085033657,0.002121495408503366,True,0.15102006446609684,1.0,2319353202.579187,0.020327359654833742
confirmed_flow_momentum_top20_effective_d-5_to_d-1,effective,-5,-1,3058,Korea,inclusion,ADD,HANMI SEMICONDUCTOR CO,042700.KS,1.0,top_pre_entry_runup,2023-08-10,2023-08-31,2023-08-24,2023-08-30,2023-08-24,2023-08-30,54647.62109375,56223.04296875,0.028828736612291017,0.028828736612291017,0.026828736612291015,10.0,6,2.0,^KS11,60,2.5352406755057353,0.009276204918120312,0.0053113245895460535,-0.0017591567614654172,7.070481351011471,0.007070481351011471,True,0.21794865165519073,1.0,251123204491.49258,0.05476019906589599
confirmed_flow_momentum_top20_effective_d-5_to_d-1,effective,-5,-1,3092,USA,inclusion,ADD,CONFLUENT A,CFLT,1.0,top_pre_entry_runup,2023-08-10,2023-08-31,2023-08-24,2023-08-30,2023-08-24,2023-08-30,32.380001068115234,32.66999816894531,0.008956055937738627,0.008956055937738627,0.006956055937738627,10.0,6,2.0,SPY,60,,,,,,,False,0.002960399420726123,0.8333333333333334,118668881.0240078,0.04243596944586965
confirmed_flow_momentum_top20_effective_d-5_to_d-1,effective,-5,-1,3122,USA,inclusion,PROMOTION,MANHATTAN ASSOCIATES,MANH,1.0,top_pre_entry_runup,2023-08-10,2023-08-31,2023-08-24,2023-08-30,2023-08-24,2023-08-30,189.9499969482422,203.27000427246097,0.0701237564528534,0.0701237564528534,0.0681237564528534,10.0,6,2.0,SPY,60,,,,,,,False,0.040976987500363826,1.0,59817883.91433716,0.01546768585974596
confirmed_flow_momentum_top20_effective_d-5_to_d-1,effective,-5,-1,3179,India,inclusion,ADD,POLYCAB INDIA,POLYCAB.NS,1.0,top_pre_entry_runup,2023-11-14,2023-11-30,2023-11-23,2023-11-29,2023-11-23,2023-11-29,5148.4765625,5086.55615234375,-0.012026938338859372,-0.012026938338859372,-0.014026938338859372,10.0,6,2.0,^NSEI,60,1.2187528584616076,0.014877265396172179,-0.030158648066536176,-0.03459615378345939,4.437505716923216,0.004437505716923216,True,0.03559137621256725,0.8571428571428571,2241715372.9898925,0.012020294013015648
confirmed_flow_momentum_top20_effective_d-5_to_d-1,effective,-5,-1,3178,India,inclusion,ADD,PERSISTENT SYSTEMS,PERSISTENT.NS,1.0,top_pre_entry_runup,2023-11-14,2023-11-30,2023-11-23,2023-11-29,2023-11-23,2023-11-29,3140.447998046875,3171.882568359375,0.010009581541248203,0.010009581541248203,0.008009581541248202,10.0,6,2.0,^NSEI,60,0.865292121731184,0.014877265396172179,-0.0028635989989635457,-0.0065941832424259135,3.730584243462368,0.003730584243462368,True,0.05271551849374467,1.0,2534054652.0768065,0.012941344882581108
confirmed_flow_momentum_top20_effective_d-5_to_d-1,effective,-5,-1,3183,Indonesia,inclusion,ADD,AMMAN MINERAL INTL,AMMN.JK,1.0,top_pre_entry_runup,2023-11-14,2023-11-30,2023-11-23,2023-11-29,2023-11-23,2023-11-29,6900.0,7775.0,0.12681159420289845,0.12681159420289845,0.12481159420289845,10.0,6,2.0,^JKSE,60,0.7335591654045076,0.00453185547445889,0.12348721008332053,0.12002009175251152,3.467118330809015,0.003467118330809015,True,-0.013986013986013957,1.0,498447885250.0,0.02764063712165307
confirmed_flow_momentum_top20_effective_d-5_to_d-1,effective,-5,-1,3220,Korea,inclusion,PROMOTION,KUMYANG,282720.KQ,1.0,top_pre_entry_runup,2023-11-14,2023-11-30,2023-11-23,2023-11-29,2023-11-23,2023-11-29,12693.9560546875,12372.2197265625,-0.025345631160129334,-0.025345631160129334,-0.027345631160129336,10.0,6,2.0,^KS11,60,1.36322770147186,0.0019284989548866704,-0.027974614357690372,-0.03270106976063409,4.72645540294372,0.00472645540294372,True,0.02098467490500533,1.0,1058318583.8570312,0.02386817230302164
confirmed_flow_momentum_top20_effective_d-5_to_d-1,effective,-5,-1,3295,USA,inclusion,PROMOTION,CELSIUS HLDGS,CELH,1.0,top_pre_entry_runup,2023-11-14,2023-11-30,2023-11-23,2023-11-29,2023-11-24,2023-11-29,53.560001373291016,50.599998474121094,-0.055265175938662314,-0.055265175938662314,-0.057265175938662316,10.0,5,2.0,SPY,60,,,,,,,False,0.031895842705209176,1.0,389797805.41980743,0.03784533014924144
confirmed_flow_momentum_top20_effective_d-5_to_d-1,effective,-5,-1,3417,India,inclusion,ADD,UNION BANK OF INDIA,UNIONBANK.NS,1.0,top_pre_entry_runup,2024-02-12,2024-02-29,2024-02-22,2024-02-28,2024-02-22,2024-02-28,134.83624267578125,128.9320068359375,-0.04378819613092233,-0.04378819613092233,-0.04578819613092233,10.0,6,2.0,^NSEI,60,1.0246102571925597,-0.011986021685165493,-0.031507195369369315,-0.03555641588375443,4.049220514385119,0.00404922051438512,True,0.0382825670555782,0.8,3918642177.4085603,0.026373985191573385
confirmed_flow_momentum_top20_effective_d-5_to_d-1,effective,-5,-1,3408,India,inclusion,ADD,PUNJAB NATL BANK,PNB.NS,1.0,top_pre_entry_runup,2024-02-12,2024-02-29,2024-02-22,2024-02-28,2024-02-22,2024-02-28,120.4026107788086,112.7024383544922,-0.06395353368592949,-0.06395353368592949,-0.06595353368592949,10.0,6,2.0,^NSEI,60,1.848594063398579,-0.011986021685165493,-0.041796245154965925,-0.04749343328176309,5.697188126797158,0.0056971881267971584,True,0.08541233850217633,1.0,8318246937.326474,0.025894655931025988
confirmed_flow_momentum_top20_effective_d-5_to_d-1,effective,-5,-1,3427,Korea,inclusion,ADD,HANJIN KAL CORP,18064K.KS,1.0,top_pre_entry_runup,2024-02-12,2024-02-29,2024-02-22,2024-02-28,2024-02-22,2024-02-28,27033.580078125,27130.822265625,0.0035970887769574134,0.0035970887769574134,0.0015970887769574133,10.0,6,2.0,^KS11,60,0.9760363629851418,-0.004496533902692668,0.00798586937338095,0.004033796647410667,3.9520727259702837,0.003952072725970284,True,-0.022807016802032343,1.0,101694403.75185546,0.009404744992956562
confirmed_flow_momentum_top20_effective_d-5_to_d-1,effective,-5,-1,3570,India,inclusion,PROMOTION,PHOENIX MILLS,PHOENIXLTD.NS,1.0,top_pre_entry_runup,2024-05-14,2024-05-31,2024-05-24,2024-05-30,2024-05-24,2024-05-30,1599.6094970703125,1529.4228515625,-0.043877362341471104,-0.043877362341471104,-0.045877362341471106,10.0,6,2.0,^NSEI,60,0.5968696273008897,-0.020405418224465066,-0.03169798797091586,-0.03489172722551764,3.1937392546017795,0.00319373925460178,True,0.07306303143841308,0.8461538461538461,1928525948.544043,0.02337769544960254
confirmed_flow_momentum_top20_effective_d-5_to_d-1,effective,-5,-1,3582,India,inclusion,ADD,THERMAX,THERMAX.NS,1.0,top_pre_entry_runup,2024-05-14,2024-05-31,2024-05-24,2024-05-30,2024-05-24,2024-05-30,5091.34326171875,5369.48876953125,0.054631065617564145,0.054631065617564145,0.05263106561756414,10.0,6,2.0,^NSEI,60,0.33286982141397,-0.020405418224465066,0.0614234135378192,0.058757673894991265,2.66573964282794,0.00266573964282794,True,0.099935002222447,0.9230769230769231,1730412052.8396485,0.027353331352669374
confirmed_flow_momentum_top20_effective_d-5_to_d-1,effective,-5,-1,3578,India,inclusion,ADD,SOLAR INDUSTRIES INDIA,SOLARINDS.NS,1.0,top_pre_entry_runup,2024-05-14,2024-05-31,2024-05-24,2024-05-30,2024-05-24,2024-05-30,9993.90625,9161.4716796875,-0.0832942144431763,-0.0832942144431763,-0.08529421444317631,10.0,6,2.0,^NSEI,60,0.48747066099184866,-0.020405418224465066,-0.07334717173348121,-0.07632211305546491,2.9749413219836973,0.0029749413219836976,True,0.17641355278238446,1.0,2016011756.8125,0.03125620551752456
confirmed_flow_momentum_top20_effective_d-5_to_d-1,effective,-5,-1,3594,Indonesia,inclusion,ADD,CHANDRA ASRI PACIFIC,TPIA.JK,1.0,top_pre_entry_runup,2024-05-14,2024-05-31,2024-05-24,2024-05-30,2024-05-27,2024-05-30,8809.5888671875,9108.2197265625,0.0338983877541994,0.0338983877541994,0.0318983877541994,10.0,3,2.0,^JKSE,60,0.7146392872176207,-0.019825739516379448,0.04806664011074702,0.04463736153631178,3.4292785744352416,0.0034292785744352416,True,0.07781353516969935,1.0,378233210473.5083,0.024559294698089592
confirmed_flow_momentum_top20_effective_d-5_to_d-1,effective,-5,-1,3609,Korea,inclusion,PROMOTION,ENCHEM,348370.KQ,1.0,top_pre_entry_runup,2024-05-14,2024-05-31,2024-05-24,2024-05-30,2024-05-24,2024-05-30,331500.0,276500.0,-0.1659125188536953,-0.1659125188536953,-0.1679125188536953,10.0,6,2.0,^KS11,60,-1.1054595153283544,-0.019407707380084904,-0.18736695364771846,-0.19157787267837517,4.210919030656709,0.0042109190306567085,True,0.09863945578231292,1.0,135841409850.0,0.04929616614204338
confirmed_flow_momentum_top20_effective_d-5_to_d-1,effective,-5,-1,3759,USA,inclusion,PROMOTION,PURE STORAGE,PSTG,1.0,top_pre_entry_runup,2024-05-14,2024-05-31,2024-05-24,2024-05-30,2024-05-24,2024-05-30,61.04999923706055,63.25,0.03603604898333779,0.03603604898333779,0.034036048983337786,10.0,6,2.0,SPY,60,,,,,,,False,0.06381844502497813,1.0,188952665.94429016,0.017375095962525042
confirmed_flow_momentum_top20_effective_d-5_to_d-1,effective,-5,-1,3812,India,inclusion,ADD,ORACLE FINL SVCS SOFTW,OFSS.NS,1.0,top_pre_entry_runup,2024-08-12,2024-08-30,2024-08-23,2024-08-29,2024-08-23,2024-08-29,10139.751953125,10024.9658203125,-0.011320408363354906,-0.011320408363354906,-0.013320408363354906,10.0,6,2.0,^NSEI,60,1.5645338694969946,0.013245652664988894,-0.03204368058132316,-0.03717274832031715,5.129067738993989,0.005129067738993989,True,0.03460795940696948,0.8571428571428571,2742685790.4922853,0.022834175280744395
confirmed_flow_momentum_top20_effective_d-5_to_d-1,effective,-5,-1,3794,India,inclusion,PROMOTION,DIXON TECHNOLOGIES INDIA,DIXON.BO,1.0,top_pre_entry_runup,2024-08-12,2024-08-30,2024-08-23,2024-08-29,2024-08-23,2024-08-29,13253.3603515625,13183.3662109375,-0.005281237268761618,-0.005281237268761618,-0.007281237268761618,10.0,6,2.0,^NSEI,60,1.5981209722365968,0.013245652664988894,-0.02644939258364194,-0.031645634528115134,5.1962419444731935,0.005196241944473193,True,0.10214795244695596,1.0,255634571.92919922,0.02330098763375471
confirmed_flow_momentum_top20_effective_d-5_to_d-1,effective,-5,-1,3832,Korea,inclusion,ADD,LS ELECTRIC,010120.KS,1.0,top_pre_entry_runup,2024-08-12,2024-08-30,2024-08-23,2024-08-29,2024-08-23,2024-08-29,33307.109375,32329.212890625,-0.02935999258791877,-0.02935999258791877,-0.03135999258791877,10.0,6,2.0,^KS11,60,1.177323768972393,-0.014587133595671542,-0.012186213484558936,-0.01654086102250372,4.3546475379447855,0.004354647537944786,True,-0.020618599155585282,1.0,96631030955.4502,0.037360494775781794
confirmed_flow_momentum_top20_effective_d-5_to_d-1,effective,-5,-1,3864,USA,inclusion,ADD,FLUTTER ENTMT(US),FLUT,1.0,top_pre_entry_runup,2024-08-12,2024-08-30,2024-08-23,2024-08-29,2024-08-23,2024-08-29,211.17999267578125,210.2400054931641,-0.004451118549190891,-0.004451118549190891,-0.006451118549190891,10.0,6,2.0,SPY,60,,,,,,,False,0.11178971168668439,1.0,336129988.52249146,0.02688244194501403
confirmed_flow_momentum_top20_effective_d-5_to_d-1,effective,-5,-1,3919,India,inclusion,ADD,OBEROI REALTY,OBEROIRLTY.BO,1.0,top_pre_entry_runup,2024-11-06,2024-11-25,2024-11-18,2024-11-22,2024-11-18,2024-11-22,1898.123046875,1927.459228515625,0.015455363491277962,0.015455363491277962,0.013455363491277962,10.0,4,2.0,^NSEI,60,1.485917054006029,0.01933372006436196,-0.013272940869736013,-0.01824477497774807,4.971834108012057,0.004971834108012057,True,-0.019555457307089852,0.8,28695735.966833495,0.0195348073771603
confirmed_flow_momentum_top20_effective_d-5_to_d-1,effective,-5,-1,3921,India,inclusion,PROMOTION,VOLTAS,VOLTAS.NS,1.0,top_pre_entry_runup,2024-11-06,2024-11-25,2024-11-18,2024-11-22,2024-11-18,2024-11-22,1681.25390625,1639.0726318359375,-0.02508917555953638,-0.02508917555953638,-0.027089175559536383,10.0,4,2.0,^NSEI,60,0.7594190469121195,0.01933372006436196,-0.03977157082407986,-0.043290408917904095,3.5188380938242387,0.003518838093824239,True,-0.016831167461896945,1.0,3116140372.3791566,0.017386432776017546
confirmed_flow_momentum_top20_effective_d-5_to_d-1,effective,-5,-1,3944,Korea,inclusion,PROMOTION,HYUNDAI ROTEM,064350.KS,1.0,top_pre_entry_runup,2024-11-06,2024-11-25,2024-11-18,2024-11-22,2024-11-18,2024-11-22,63568.66015625,64463.9921875,0.014084488001623763,0.014084488001623763,0.012084488001623763,10.0,4,2.0,^KS11,60,0.5126255358543694,0.01302916522590869,0.007405405195957204,0.004380154124248465,3.025251071708739,0.003025251071708739,True,0.030206621488797047,1.0,121355488650.02226,0.026487890728901755
confirmed_flow_momentum_top20_effective_d-5_to_d-1,effective,-5,-1,4036,USA,inclusion,PROMOTION,NUTANIX A,NTNX,1.0,top_pre_entry_runup,2024-11-06,2024-11-25,2024-11-18,2024-11-22,2024-11-18,2024-11-22,68.55000305175781,73.18000030517578,0.06754189711592207,0.06754189711592207,0.06554189711592207,10.0,4,2.0,SPY,60,,,,,,,False,0.04102407285837506,1.0,126978702.96350479,0.022694428363179225
confirmed_flow_momentum_top20_effective_d-5_to_d-1,effective,-5,-1,4084,India,inclusion,ADD,HYUNDAI MOTOR INDIA,HYUNDAI.NS,1.0,top_pre_entry_runup,2025-02-11,2025-02-28,2025-02-21,2025-02-27,2025-02-21,2025-02-27,1780.653564453125,1706.4720458984375,-0.0416597141833539,-0.0416597141833539,-0.043659714183353904,10.0,6,2.0,^NSEI,60,0.8939667041799609,-0.011004154478502781,-0.03182236647191961,-0.035610299880279535,3.7879334083599216,0.0037879334083599217,True,0.009560420472920272,1.0,2588034865.7584167,0.026594299025916722
confirmed_flow_momentum_top20_effective_d-5_to_d-1,effective,-5,-1,4205,USA,inclusion,ADD,INTERACTIVE BKRS GRP A,IBKR,1.0,top_pre_entry_runup,2025-02-11,2025-02-28,2025-02-21,2025-02-27,2025-02-21,2025-02-27,54.39531707763672,50.607810974121094,-0.06962926786711876,-0.06962926786711876,-0.07162926786711876,10.0,6,2.0,SPY,60,,,,,,,False,0.020454241963170583,1.0,428330801.41677856,0.029217652555866096
confirmed_flow_momentum_top20_effective_d-5_to_d-1,effective,-5,-1,4238,India,inclusion,ADD,FSN ECOMMERCE VENTURES,NYKAA.NS,1.0,top_pre_entry_runup,2025-05-13,2025-05-30,2025-05-23,2025-05-29,2025-05-23,2025-05-29,203.2899932861328,204.5099945068359,0.006001285164026315,0.006001285164026315,0.004001285164026315,10.0,6,2.0,^NSEI,60,0.7284015616776784,-0.0007866520317429959,0.006574283732444832,0.0031174806090894756,3.456803123355357,0.003456803123355357,True,0.019278436798364496,1.0,1748634525.3073761,0.013327408748515662
confirmed_flow_momentum_top20_effective_d-5_to_d-1,effective,-5,-1,4274,Korea,inclusion,ADD,SAMYANG FOODS,003230.KS,1.0,top_pre_entry_runup,2025-05-13,2025-05-30,2025-05-23,2025-05-29,2025-05-23,2025-05-29,1138855.625,1097008.0,-0.036745329330045706,-0.036745329330045706,-0.03874532933004571,10.0,6,2.0,^KS11,60,0.8475707120413379,0.04959310839080855,-0.07877899552118656,-0.08247413694526923,3.695141424082676,0.0036951414240826764,True,0.18421061840870778,1.0,65074883529.28125,0.049794517847725955
confirmed_flow_momentum_top20_effective_d-5_to_d-1,effective,-5,-1,4383,India,inclusion,ADD,VISHAL MEGA MART,VMM.NS,1.0,top_pre_entry_runup,2025-08-07,2025-08-26,2025-08-19,2025-08-25,2025-08-19,2025-08-25,147.2100067138672,148.88999938964844,0.011412217914279932,0.011412217914279932,0.009412217914279932,10.0,6,2.0,^NSEI,60,1.1374856876496349,-0.000516415322390551,0.011999632952382155,0.007724661577082886,4.27497137529927,0.00427497137529927,True,0.016810741089442693,1.0,3393386664.39453,0.0215884052181959
confirmed_flow_momentum_top20_effective_d-5_to_d-1,effective,-5,-1,4389,Indonesia,inclusion,ADD,DIAN SWASTATIKA SENTOSA,DSSA.JK,1.0,top_pre_entry_runup,2025-08-07,2025-08-26,2025-08-19,2025-08-25,2025-08-19,2025-08-25,3720.0,3195.0,-0.1411290322580645,-0.1411290322580645,-0.1431290322580645,10.0,6,2.0,^JKSE,60,0.8255485640842086,0.008134099055350008,-0.14784412605332742,-0.15149522318149583,3.6510971281684172,0.003651097128168417,True,0.41374045801526727,1.0,575119064875.0,0.058941987328654626
confirmed_flow_momentum_top20_effective_d-5_to_d-1,effective,-5,-1,4406,Korea,inclusion,PROMOTION,HYOSUNG HEAVY INDUSTRIES,298040.KS,1.0,top_pre_entry_runup,2025-08-07,2025-08-26,2025-08-19,2025-08-25,2025-08-19,2025-08-25,1155048.375,1238689.75,0.07241374197855577,0.07241374197855577,0.07041374197855577,10.0,6,2.0,^KS11,60,1.241333329339024,0.01849879035912738,0.049450576953315534,0.04496791029463749,4.482666658678048,0.0044826666586780485,True,-0.038398695575609154,1.0,92434716107.99374,0.04576253457525835
confirmed_flow_momentum_top20_effective_d-5_to_d-1,effective,-5,-1,4471,USA,inclusion,ADD,SOFI TECHNOLOGIES,SOFI,1.0,top_pre_entry_runup,2025-08-07,2025-08-26,2025-08-19,2025-08-25,2025-08-19,2025-08-25,22.75,26.149999618530273,0.1494505326826494,0.1494505326826494,0.1474505326826494,10.0,6,2.0,SPY,60,2.0123585110146447,0.004157500036893191,0.14108415209886369,0.1350594350768344,6.024717022029289,0.00602471702202929,True,0.09737317146554614,1.0,1849333222.9899883,0.03663812992638755
